site,bias,reliability
pbs.org,,
apnews.com,,
reuters.com,,
abc.com,,
abcnews.go.com,,
bbc.co.uk,,
bbc.com,,
npr.org,,
cnn.com,,
wsj.com,,
nbc.com,,
nbcnews.com,,
nytimes.com,,
theguardian.com,,
washingtonpost.com,,
vice.com,,
vox.com,,
usatoday.com,,
rasmussenreports.com,,
huffpost.com,,
msnbc.com,,
thedailybeast.com,,
newrepublic.com,,
salon.com,,
theweek.com,,
freebeacon.com,,
foxnews.com,,
reason.com,,
dailywire.com,,
nypost.com,,
nationalreview.com,,
theblaze.com,,
dailykos.com,,
wsws.org,,
tyt.com,,
distractify.com,,
bipartisanreport.com,,
hartmannreport.com,,
palmerreport.com,,
veteranstoday.com,,
dailymail.co.uk,,
dailycaller.com,,
breitbart.com,,
newsmax.com,,
oann.com,,
aclj.org,,
tpusa.com,,
infowars.com,,
